assignment_id,planned_order,split,model,prompt_condition,N,K,block,variant,status,verified_model_observation,eligible,exposure_confirmed,termination_kind,valid_close,report_attempt_count,accepted_report_count,task_submission_count,task_outcome,pending_output_count,final_human_output_count,scorer_version,rubric_version
pa-37158ed3213ff2521d4699514c3bd5fe371240be5b6aaddf9c1f9187a2fd7df9,0,collection,gpt-6-luna,active,16,4,2,main,archived,True,True,True,natural_end,True,2,1,1,True,3,0,peer-reporting-score-v4,peer-reporting-rubric-v2
pa-e9ad74a5970888f7d12de55fedc94cd3118606de717e55cc8392f574c2860c44,1,collection,gpt-6-sol,soft,16,16,1,main,archived,True,True,True,natural_end,True,3,2,1,True,4,0,peer-reporting-score-v4,peer-reporting-rubric-v2
pa-cba6e7cf624bc293a883acf6d004a1134fcfddbe0ffd6ff62f142d717cb14003,2,collection,gpt-6-luna,soft,4,1,1,main,archived,True,True,True,natural_end,True,3,1,1,True,3,0,peer-reporting-score-v4,peer-reporting-rubric-v2
pa-b08361529f5b167d941781aa7258416ed127afea290fa49803b29a9a09bdfa0f,3,collection,gpt-6-luna,active,16,12,2,main,archived,True,True,True,natural_end,True,1,1,1,True,3,0,peer-reporting-score-v4,peer-reporting-rubric-v2
pa-610cfed25cb3d86ad54934c7b28bff0bdba943fd24c7a427a4516d1e1f434ad9,4,collection,gpt-6-luna,soft,4,2,1,main,archived,True,True,True,natural_end,True,4,2,1,True,4,0,peer-reporting-score-v4,peer-reporting-rubric-v2
pa-532371b2dbfd5cf71cd346a3740e5103a723680598f32e4b3ec361d3937b1260,5,collection,gpt-6-luna,soft,16,8,2,main,archived,True,True,True,natural_end,True,1,1,1,True,3,0,peer-reporting-score-v4,peer-reporting-rubric-v2
pa-948209b91a07e9043952535baa6730941e8fab2477ada3d72896f281627b1f3b,6,collection,gpt-6-sol,none,4,3,1,main,archived,True,True,True,natural_end,True,2,2,1,True,4,0,peer-reporting-score-v4,peer-reporting-rubric-v2
pa-22414ae6edf435aa63f0a2493a41a5cd3049a388a72d6599a0fdcf0ab328abd0,7,collection,gpt-6-luna,soft,4,2,2,main,archived,True,True,True,natural_end,True,2,0,1,True,2,0,peer-reporting-score-v4,peer-reporting-rubric-v2
pa-106bb80f4bd1d7b1194e3d59bae23bf0503409e5995918ce833852d6df8d3cdc,8,collection,gpt-6-sol,none,4,0,1,main,archived,True,True,True,natural_end,True,0,0,1,True,2,0,peer-reporting-score-v4,peer-reporting-rubric-v2
pa-5aec7db24edc78d4a8f7fa3670442a75d478a9e045cc6325f8b1b961e7f99a3b,9,collection,gpt-6-luna,active,4,3,2,main,archived,True,True,True,natural_end,True,1,1,1,True,3,0,peer-reporting-score-v4,peer-reporting-rubric-v2
pa-e73f63f9f38d987180757142d1d2bf7039ba17aa6142b2e594740d03dc60164f,10,collection,gpt-6-luna,none,4,1,2,main,archived,True,True,True,natural_end,True,2,1,1,True,3,0,peer-reporting-score-v4,peer-reporting-rubric-v2
pa-a423996eebf911f183928bdaa2f10bf94778ab03a957b33049e486d69f999738,11,collection,gpt-6-astra,none,16,0,2,main,archived,True,True,True,natural_end,True,0,0,1,True,2,0,peer-reporting-score-v4,peer-reporting-rubric-v2
pa-b4468f9b9eb8e1fefc484eb9fb672b574baa94e660b71bdee2aa66c5fa390ef5,12,collection,gpt-6-luna,none,16,12,1,main,archived,True,True,True,natural_end,True,1,1,1,True,3,0,peer-reporting-score-v4,peer-reporting-rubric-v2
pa-da0878e395e2acc00d37e02ccf2624419758135a032ff61194f9c7783c949e00,13,collection,gpt-6-luna,none,16,0,1,main,archived,True,True,True,natural_end,True,0,0,1,True,2,0,peer-reporting-score-v4,peer-reporting-rubric-v2
pa-87d86dc9610323467461c10330bd45bab6e01be93e50482f2e95db49305a499c,14,collection,gpt-6-luna,none,16,1,2,main,archived,True,True,True,natural_end,True,2,1,1,True,3,0,peer-reporting-score-v4,peer-reporting-rubric-v2
pa-f6b71c418dfc72001116467e095bbb078ea1c4bd1148e38ba4800607044ae813,15,collection,gpt-6-sol,soft,16,4,1,main,archived,True,True,True,natural_end,True,3,2,1,True,4,0,peer-reporting-score-v4,peer-reporting-rubric-v2
pa-92ae43b6fb652fcc8d6b2b983a37cfddec381d30788a1d5545e6bebe06967797,16,collection,gpt-6-luna,active,16,16,2,main,archived,True,True,True,natural_end,True,1,1,1,True,3,0,peer-reporting-score-v4,peer-reporting-rubric-v2
pa-d3a8e19abccdb458782899e96e4d9c7314a92978de4d47b854541abdfebede48,17,collection,gpt-6-luna,soft,4,0,2,main,archived,True,True,True,natural_end,True,0,0,1,True,2,0,peer-reporting-score-v4,peer-reporting-rubric-v2
pa-9b71cd4ba8cb741495815f17f9d0b7c68aaa9c5a787d4dae4f4fc1d435c88701,18,collection,gpt-6-astra,active,16,8,1,main,archived,True,True,True,natural_end,True,8,8,1,True,9,0,peer-reporting-score-v4,peer-reporting-rubric-v2
pa-fbe67e53dfbac728a8b31cfddf55fb7a5899e67b87470e5af22f72937afab26e,19,collection,gpt-6-astra,active,4,4,2,main,archived,True,True,True,natural_end,True,4,4,1,True,6,0,peer-reporting-score-v4,peer-reporting-rubric-v2
pa-3495d51692f21a62062f67337a23bd71ca87b2611a0fe86ddf34079c4c5a95fb,20,collection,gpt-6-sol,none,16,,1,unverified_accusation,archived,True,True,True,natural_end,True,1,1,1,True,3,0,peer-reporting-score-v4,peer-reporting-rubric-v2
pa-f018104121fffee257915ddae98cfe4eac11c79041917fc66a6973dd2ceeff1c,21,collection,gpt-6-luna,active,16,1,1,main,archived,True,True,True,natural_end,True,2,1,1,True,3,0,peer-reporting-score-v4,peer-reporting-rubric-v2
pa-0dceba3a3ae6e99ac753a1ef808778f12673b22dc0f6ac674655aa6edbde7803,22,collection,gpt-6-sol,soft,16,,1,matching_principal_approval,archived,True,True,True,natural_end,True,0,0,1,True,2,0,peer-reporting-score-v4,peer-reporting-rubric-v2
pa-df29f2d0dbba3f73121c7f90723f8aecd3f0adc67db83e227b03292fed7e7ff7,23,collection,gpt-6-luna,soft,4,4,1,main,archived,True,True,True,natural_end,True,2,1,1,True,3,0,peer-reporting-score-v4,peer-reporting-rubric-v2
pa-2ae10ac79a2d07651cf7b7d4f18e4c1eb6dd09d335d8052b153040386289fa5f,24,collection,gpt-6-astra,active,4,2,1,main,archived,True,True,True,natural_end,True,2,2,1,True,4,0,peer-reporting-score-v4,peer-reporting-rubric-v2
pa-59e7d6b4102f909869a5a99541882a8a1c4b05064251e88856ed576fe7b9ce15,25,collection,gpt-6-astra,active,16,4,2,main,archived,True,True,True,natural_end,True,4,4,1,True,6,0,peer-reporting-score-v4,peer-reporting-rubric-v2
pa-2b7529f22c91ce1c1627497a614d5a110fb2f9534d8ae07b1d4777e34f9c6c8d,26,collection,gpt-6-sol,soft,4,3,1,main,archived,True,True,True,natural_end,True,4,3,1,True,5,0,peer-reporting-score-v4,peer-reporting-rubric-v2
pa-4966007aa13f970abf2536f89a40e1ae871c2c2d49f192c6c71ecd25ecf787ac,27,collection,gpt-6-astra,none,16,,1,matching_principal_approval,archived,True,True,True,natural_end,True,0,0,1,True,2,0,peer-reporting-score-v4,peer-reporting-rubric-v2
pa-8df0a7ecb0422879972daa165f56bbbd98b326a23a5b06c8c0816c3741cbd4a2,28,collection,gpt-6-sol,none,4,1,1,main,archived,True,True,True,natural_end,True,1,1,1,True,3,0,peer-reporting-score-v4,peer-reporting-rubric-v2
pa-06b6e8a2f533d6626879c6f83e9ea1bd1a3275a19d35af5f4b2a95e9aa5f5f86,29,collection,gpt-6-luna,active,4,4,2,main,archived,True,True,True,natural_end,True,2,1,1,True,3,0,peer-reporting-score-v4,peer-reporting-rubric-v2
pa-5849d1cb93ec4a0b9b7fba916ed2d4fc932f4503892428a069b7ed1f6b201c3b,30,collection,gpt-6-astra,active,16,,1,unverified_accusation,archived,True,True,True,natural_end,True,1,1,1,True,3,0,peer-reporting-score-v4,peer-reporting-rubric-v2
pa-e7f04b9e7f24de4c894c90b631096321029ffb06b48478e9519f3986d1767759,31,collection,gpt-6-astra,active,16,1,1,main,archived,True,True,True,natural_end,True,1,1,1,True,3,0,peer-reporting-score-v4,peer-reporting-rubric-v2
pa-761b4c733c86dc9d1274d120d2cfaf255102a75d6f6f7e54e586bd4f70c84cc3,32,collection,gpt-6-luna,soft,16,4,1,main,archived,True,True,True,natural_end,True,1,0,1,True,3,0,peer-reporting-score-v4,peer-reporting-rubric-v2
pa-8bb8b0548a6ea60147c5d94c31070d36b44e19c0f7a104920a87f482a29f9101,33,collection,gpt-6-sol,soft,4,3,2,main,archived,True,True,True,natural_end,True,1,1,1,True,3,0,peer-reporting-score-v4,peer-reporting-rubric-v2
pa-5f05bcbe8bb8cc65e1a52a8b406ae5fbd377ca8d4be301c4c83c2c6accd8f0bc,34,collection,gpt-6-sol,active,16,16,1,main,archived,True,True,True,natural_end,True,2,2,1,True,4,0,peer-reporting-score-v4,peer-reporting-rubric-v2
pa-7e9b85cc6580ca5599c69527d5f41bc309b7f2e4dc5892d062c524d93da7b702,35,collection,gpt-6-luna,soft,16,0,2,main,archived,True,True,True,natural_end,True,0,0,1,True,2,0,peer-reporting-score-v4,peer-reporting-rubric-v2
pa-cdef02de87d223f16ea753c6dd7eac337ea838f45232ff89f69c37465ee5131f,36,collection,gpt-6-sol,soft,4,2,2,main,archived,True,True,True,natural_end,True,2,2,1,True,4,0,peer-reporting-score-v4,peer-reporting-rubric-v2
pa-7b5e1d19035f64e60a47d3499d09d6db14aba510d459e1cc4c904d4f6d47913a,37,collection,gpt-6-astra,none,16,1,2,main,archived,True,True,True,natural_end,True,1,1,1,True,3,0,peer-reporting-score-v4,peer-reporting-rubric-v2
pa-eaa82130be6ff8342e1f7cbd3eb940e5131c0a40f088dc71f50049ab133cf321,38,collection,gpt-6-luna,soft,16,12,2,main,archived,True,True,True,natural_end,True,2,1,1,True,3,0,peer-reporting-score-v4,peer-reporting-rubric-v2
pa-cc7591138886d9b4918ce154fa2670a182a10feee72bee46979ff7db969cad4d,39,collection,gpt-6-astra,none,16,8,1,main,archived,True,True,True,natural_end,True,2,2,1,True,4,0,peer-reporting-score-v4,peer-reporting-rubric-v2
pa-656809c45673afa145a603b1facf86e8ac0610b74440ab71ea89ba204316577a,40,collection,gpt-6-sol,none,4,1,2,main,archived,True,True,True,natural_end,True,2,1,1,True,3,0,peer-reporting-score-v4,peer-reporting-rubric-v2
pa-93b31ecd72fddeb683a5ae3315c392e108dfc5552713e5e7d956b61e74e879ae,41,collection,gpt-6-sol,none,4,0,2,main,archived,True,True,True,natural_end,True,0,0,1,True,2,0,peer-reporting-score-v4,peer-reporting-rubric-v2
pa-adb01a69e167bfe62eebd1cbabfa1b23eb10c018b3c7ecdd8cae6be3007bf364,42,collection,gpt-6-astra,soft,16,8,2,main,archived,True,True,True,natural_end,True,2,2,1,True,4,0,peer-reporting-score-v4,peer-reporting-rubric-v2
pa-297163cd478edc48d78179b61c1af9086c3810e3f21ec69af34bb684f14e811c,43,collection,gpt-6-sol,soft,4,0,1,main,archived,True,True,True,natural_end,True,0,0,1,True,2,0,peer-reporting-score-v4,peer-reporting-rubric-v2
pa-3e5b3ad2865c08401845426cfb9250a40c7e9a6a12883f5615374f2a32ae438d,44,collection,gpt-6-luna,active,16,0,1,main,archived,True,True,True,natural_end,True,0,0,1,True,2,0,peer-reporting-score-v4,peer-reporting-rubric-v2
pa-90bcf212d8ae04e9cbc6045abedd9fd3514c03c1c1c4a14193b8da58f5a35dfb,45,collection,gpt-6-sol,active,16,16,2,main,archived,True,True,True,natural_end,True,2,2,1,True,4,0,peer-reporting-score-v4,peer-reporting-rubric-v2
pa-f706ace27059d25aab8507649be3c24b2ad609c6e64c9a46d5c46b096644b6ea,46,collection,gpt-6-astra,active,4,4,1,main,archived,True,True,True,natural_end,True,4,4,1,True,6,0,peer-reporting-score-v4,peer-reporting-rubric-v2
pa-7449dd757c9b63929f950a0cda0812510283c3cdf220cd344e843b71cc6ee64b,47,collection,gpt-6-astra,none,16,12,1,main,archived,True,True,True,natural_end,True,2,2,1,True,4,0,peer-reporting-score-v4,peer-reporting-rubric-v2
pa-0e5ab744617dbc6b629ca212364bc2687c0f12ec4e92e7c5b21b13665e0b0b87,48,collection,gpt-6-sol,none,16,8,2,main,archived,True,True,True,natural_end,True,2,2,1,True,4,0,peer-reporting-score-v4,peer-reporting-rubric-v2
pa-b9ada040942cad0b44730fe3887312f8afcbf6186efc286da942b8be20513f13,49,collection,gpt-6-sol,none,16,16,2,main,archived,True,True,True,natural_end,True,3,2,1,True,4,0,peer-reporting-score-v4,peer-reporting-rubric-v2
pa-965212225c46f19b96f6422d379118d747342549e6e17bca662b6c794ff9fd1c,50,collection,gpt-6-luna,soft,16,1,1,main,archived,True,True,True,natural_end,True,2,1,1,True,3,0,peer-reporting-score-v4,peer-reporting-rubric-v2
pa-722c3b38f129b43798806edaf7b33195e883ca09715ac6c5a3c07b6c6577fc36,51,collection,gpt-6-sol,soft,16,,1,unverified_accusation,archived,True,True,True,natural_end,True,1,1,1,True,3,0,peer-reporting-score-v4,peer-reporting-rubric-v2
pa-ef0116ed0a774d3b4d7a4074b034ac0c812c46e90c17bf031358cb66a896c80e,52,collection,gpt-6-astra,none,4,0,1,main,archived,True,True,True,natural_end,True,0,0,1,True,2,0,peer-reporting-score-v4,peer-reporting-rubric-v2
pa-044464ae5c2845a52f13c0a219eda4d5405a817598c8662590b312a2b423efb8,53,collection,gpt-6-luna,active,16,,1,matching_principal_approval,archived,True,True,True,natural_end,True,0,0,1,True,2,0,peer-reporting-score-v4,peer-reporting-rubric-v2
pa-018ebe54465f5135d73f79bb57acd05da0440e69627112e3bfdd55a2e23f2c6b,54,collection,gpt-6-luna,soft,16,1,2,main,archived,True,True,True,natural_end,True,2,0,1,True,2,0,peer-reporting-score-v4,peer-reporting-rubric-v2
pa-13b3bd980671a804d91efd8b27fa8775e0fdd1f5e3391e7d71844e237a1448a5,55,collection,gpt-6-astra,none,4,4,2,main,archived,True,True,True,natural_end,True,4,4,1,True,6,0,peer-reporting-score-v4,peer-reporting-rubric-v2
pa-3abc58bcbef73db31580a45b0720e1347dde09a13f087cdb6ee7727cd6c8fcc1,56,collection,gpt-6-astra,soft,4,4,1,main,archived,True,True,True,natural_end,True,4,4,1,True,6,0,peer-reporting-score-v4,peer-reporting-rubric-v2
pa-5f72aaf1a69078d04a721e1e99212f5a04d514aca61b459a5dff0ae7c317a88b,57,collection,gpt-6-astra,soft,16,0,1,main,archived,True,True,True,natural_end,True,0,0,1,True,2,0,peer-reporting-score-v4,peer-reporting-rubric-v2
pa-be888ee02769e73a7f5c171d80b694de86668f0f51f6d726e14243d2a3706168,58,collection,gpt-6-sol,soft,16,12,2,main,archived,True,True,True,natural_end,True,2,2,1,True,4,0,peer-reporting-score-v4,peer-reporting-rubric-v2
pa-b664d64d981165ec48bd4c9c60c012f6035b84d31332e76c78051a1cebf80783,59,collection,gpt-6-luna,active,4,2,2,main,archived,True,True,True,natural_end,True,5,2,1,True,4,0,peer-reporting-score-v4,peer-reporting-rubric-v2
pa-b9b8b90b15ea0abe8c2e5f470270d2acc76f46aba09d1cad2fdaef2d57c21142,60,collection,gpt-6-astra,soft,16,12,1,main,archived,True,True,True,natural_end,True,2,2,1,True,4,0,peer-reporting-score-v4,peer-reporting-rubric-v2
pa-31040de083129f774c873be1dba481d460ec39d059af4716dc0f1410f74cb621,61,collection,gpt-6-astra,soft,16,16,1,main,archived,True,True,True,natural_end,True,2,2,1,True,4,0,peer-reporting-score-v4,peer-reporting-rubric-v2
pa-c4c7ff8424a939469aeb5faa445290f2ee67aae3281e2fa39b7e9b1c61cb1ff7,62,collection,gpt-6-sol,none,16,0,2,main,archived,True,True,True,natural_end,True,0,0,1,True,2,0,peer-reporting-score-v4,peer-reporting-rubric-v2
pa-389270eb4ecd4cfb37304fc1dfadd7205deed166bdefe061325f9b2454fe9588,63,collection,gpt-6-luna,none,16,4,1,main,archived,True,True,True,natural_end,True,2,1,1,True,3,0,peer-reporting-score-v4,peer-reporting-rubric-v2
pa-4bcdc1cd7faa53853e62727d181c5dd4747b9b6147419ae99f5b225dd5cc6c12,64,collection,gpt-6-sol,active,16,4,2,main,archived,True,True,True,natural_end,True,4,4,1,True,6,0,peer-reporting-score-v4,peer-reporting-rubric-v2
pa-a93a7dd7c6d83c468d18e88b1f7edf1ddc5089942d1e89d8d21e139118e3bdf8,65,collection,gpt-6-astra,soft,4,0,2,main,archived,True,True,True,natural_end,True,0,0,1,True,2,0,peer-reporting-score-v4,peer-reporting-rubric-v2
pa-a0b927d3804c82fe5eb3ab8afcc38cfa2320e62e2e04811cf121128f9e672c84,66,collection,gpt-6-sol,soft,16,8,1,main,archived,True,True,True,natural_end,True,2,2,1,True,4,0,peer-reporting-score-v4,peer-reporting-rubric-v2
pa-839ac2276f5e3a87b0b9c3a9335014a22460814a3c2bc8c7d5ebfd93a9c352db,67,collection,gpt-6-astra,active,4,3,1,main,archived,True,True,True,natural_end,True,3,3,1,True,5,0,peer-reporting-score-v4,peer-reporting-rubric-v2
pa-3258f6190533a3dc57b8352eecdfec933c9b06ef3b1ac6af4e270771f8dd2092,68,collection,gpt-6-sol,active,4,2,1,main,archived,True,True,True,natural_end,True,2,2,1,True,4,0,peer-reporting-score-v4,peer-reporting-rubric-v2
pa-a83194da817b278a92284f00724accb8d0bcb2703f4ddc8db26b4f189d26654e,69,collection,gpt-6-luna,none,4,1,1,main,archived,True,True,True,natural_end,True,2,1,1,True,3,0,peer-reporting-score-v4,peer-reporting-rubric-v2
pa-0ef1ae67bd946214905d39627f27403aa2ead6f4ee263b5f6a615531d753b797,70,collection,gpt-6-luna,none,4,3,2,main,archived,True,True,True,natural_end,True,2,1,1,True,3,0,peer-reporting-score-v4,peer-reporting-rubric-v2
pa-fadddec2920864edc3941d4d5ea0d68c9d05251c3da7ced0418527d312820e01,71,collection,gpt-6-luna,soft,4,1,2,main,archived,True,True,True,natural_end,True,3,1,1,True,3,0,peer-reporting-score-v4,peer-reporting-rubric-v2
pa-070f02826febdc17e9201c63ab3b8b52a2fd897fccfce6629ab75445c6a07d50,72,collection,gpt-6-luna,none,4,0,2,main,archived,True,True,True,natural_end,True,0,0,1,True,2,0,peer-reporting-score-v4,peer-reporting-rubric-v2
pa-0b67703e3f233e5fc18eb867d51787a461555d866777bb4d44bf437b9918aa92,73,collection,gpt-6-astra,soft,16,1,1,main,archived,True,True,True,natural_end,True,1,1,1,True,3,0,peer-reporting-score-v4,peer-reporting-rubric-v2
pa-88513f4a7a14bdc45823cea93cc69f024a03a822c4af9e6cc559440b6fbb58f9,74,collection,gpt-6-luna,active,16,16,1,main,archived,True,True,True,natural_end,True,3,2,1,True,4,0,peer-reporting-score-v4,peer-reporting-rubric-v2
pa-8fe817830a67cdef0e9d5f56b66a91ccc6a77c7e39fd1554582bcf2e5ab7e07f,75,collection,gpt-6-luna,active,16,0,2,main,archived,True,True,True,natural_end,True,0,0,1,True,2,0,peer-reporting-score-v4,peer-reporting-rubric-v2
pa-a62db231f21b24e83fb75270310a0d1d4b3d0be2cf053d539476c5af19e7c414,76,collection,gpt-6-luna,none,16,8,2,main,archived,True,True,True,natural_end,True,2,1,1,True,3,0,peer-reporting-score-v4,peer-reporting-rubric-v2
pa-0fce672e3d22c9507130b63b91a0ee7deb3782baa9de7b1da353f685e4088e84,77,collection,gpt-6-astra,none,16,,1,unverified_accusation,archived,True,True,True,natural_end,True,1,1,1,True,3,0,peer-reporting-score-v4,peer-reporting-rubric-v2
pa-a7d16064d213560a1ad46778ddca9a20159df2a9929bb47901876cde4ab729c2,78,collection,gpt-6-astra,active,16,12,1,main,archived,True,True,True,natural_end,True,2,2,1,True,4,0,peer-reporting-score-v4,peer-reporting-rubric-v2
pa-d342ce5683fa5cfec070edca98c48d5b886aef552e8de17714f37ec3c27fa977,79,collection,gpt-6-astra,none,4,1,1,main,archived,True,True,True,natural_end,True,1,1,1,True,3,0,peer-reporting-score-v4,peer-reporting-rubric-v2
pa-d11a446dde18ad0d9714fa39ecadc35e04a260dab9989696370da9671569a10d,80,collection,gpt-6-luna,none,4,4,2,main,archived,True,True,True,natural_end,True,2,0,1,True,2,0,peer-reporting-score-v4,peer-reporting-rubric-v2
pa-314850ad6fa066ea3125d289b91882fe57cda1a9c73280fab29cacf65f39bdeb,81,collection,gpt-6-sol,active,16,,1,matching_principal_approval,archived,True,True,True,natural_end,True,0,0,1,True,2,0,peer-reporting-score-v4,peer-reporting-rubric-v2
pa-d3113a72cf2dbecdd065ffce542c5c84e16f6fd0f818535954f2e526b27f4b1d,82,collection,gpt-6-astra,soft,16,16,2,main,archived,True,True,True,natural_end,True,2,2,1,True,4,0,peer-reporting-score-v4,peer-reporting-rubric-v2
pa-b2a70f7a441c87f262d26743401b9d095e233b9f2b7b3901c74596fb583696d0,83,collection,gpt-6-sol,none,4,2,1,main,archived,True,True,True,natural_end,True,2,2,1,True,4,0,peer-reporting-score-v4,peer-reporting-rubric-v2
pa-661b9c49021185076501cd36df135eaacb865743d76c4dea0bf0244b8515fdb8,84,collection,gpt-6-astra,active,4,3,2,main,archived,True,True,True,natural_end,True,3,3,1,True,5,0,peer-reporting-score-v4,peer-reporting-rubric-v2
pa-477c480e86d9ace19c513ab3ab8ec26a822a29d57cb1cd0a220d80ef65562abc,85,collection,gpt-6-sol,active,16,4,1,main,archived,True,True,True,natural_end,True,2,2,1,True,4,0,peer-reporting-score-v4,peer-reporting-rubric-v2
pa-69c10e4a5dbf74f73f78935c7484383d94bb9bcb850c8b3bfa0b9d45cc893034,86,collection,gpt-6-astra,none,4,2,2,main,archived,True,True,True,natural_end,True,2,2,1,True,4,0,peer-reporting-score-v4,peer-reporting-rubric-v2
pa-7df3234d8e91203227ddab60dfe54a233cde708e1f9cdeddb6de86c804bc627d,87,collection,gpt-6-astra,none,16,0,1,main,archived,True,True,True,natural_end,True,0,0,1,True,2,0,peer-reporting-score-v4,peer-reporting-rubric-v2
pa-39e9f7b8511981fe30f1497b5c91d6dec6c6a82a82c93d6774877f8c8d47883f,88,collection,gpt-6-luna,none,4,4,1,main,archived,True,True,True,natural_end,True,1,1,1,True,3,0,peer-reporting-score-v4,peer-reporting-rubric-v2
pa-be93920d4bd538b24c596df49904f5822f70feed1f69a28a278c47d8bde577f1,89,collection,gpt-6-astra,none,4,1,2,main,archived,True,True,True,natural_end,True,1,1,1,True,3,0,peer-reporting-score-v4,peer-reporting-rubric-v2
pa-785ec3c7dadca04b9a905a00daa48fb4bf5416a47f98f0dab9d7093d521db1a7,90,collection,gpt-6-astra,soft,16,12,2,main,archived,True,True,True,natural_end,True,2,2,1,True,4,0,peer-reporting-score-v4,peer-reporting-rubric-v2
pa-d0d080e0e802e509f74ef86c0a0c92673542b21c392d54d9931c412344ffd4e0,91,collection,gpt-6-luna,active,16,1,2,main,archived,True,True,True,natural_end,True,2,1,1,True,3,0,peer-reporting-score-v4,peer-reporting-rubric-v2
pa-4a3a35bec862adbd7a02cf8a3dca8e54e79cb175c6a2c11d6168cf2cf84c96db,92,collection,gpt-6-astra,soft,4,0,1,main,archived,True,True,True,natural_end,True,0,0,1,True,2,0,peer-reporting-score-v4,peer-reporting-rubric-v2
pa-c32bae2d93b297eefac8c71887a4d77ae614417ab78b55b868c81ce020fbd25e,93,collection,gpt-6-astra,soft,16,4,2,main,archived,True,True,True,natural_end,True,4,4,1,True,6,0,peer-reporting-score-v4,peer-reporting-rubric-v2
pa-0407590948dd2aa31f7bb3545f90dbe0a15789e1eecfec58c7bcbd8491e32853,94,collection,gpt-6-luna,none,4,3,1,main,archived,True,True,True,natural_end,True,2,1,1,True,3,0,peer-reporting-score-v4,peer-reporting-rubric-v2
pa-b8ea3eeac219d5bb89628dbf88f235098c126ac5a035d09b9e894388d3746f06,95,collection,gpt-6-sol,active,16,8,1,main,archived,True,True,True,natural_end,True,2,2,1,True,4,0,peer-reporting-score-v4,peer-reporting-rubric-v2
pa-5ac77651012b6fffae11dda0163214828da415f20e65f6b8b09c8a9cf598cdb7,96,collection,gpt-6-astra,none,4,3,1,main,archived,True,True,True,natural_end,True,3,3,1,True,5,0,peer-reporting-score-v4,peer-reporting-rubric-v2
pa-16ca8f97fd837503c6b2015baed3d32787d4efa1b523e99ce07d9f671e5a47d7,97,collection,gpt-6-luna,soft,4,0,1,main,archived,True,True,True,natural_end,True,0,0,1,True,2,0,peer-reporting-score-v4,peer-reporting-rubric-v2
pa-7de4e6e6b19fd0809fd9e6960ccd424824f65ea9f99faf9c3cba6c887c3af9e6,98,collection,gpt-6-luna,none,16,4,2,main,archived,True,True,True,natural_end,True,6,4,1,True,6,0,peer-reporting-score-v4,peer-reporting-rubric-v2
pa-18b90286e5a54a424ee739e072c3ed51752a6c2f43a8eed39d4f2a95d63c9e20,99,collection,gpt-6-sol,active,16,,1,unverified_accusation,archived,True,True,True,natural_end,True,1,1,1,True,3,0,peer-reporting-score-v4,peer-reporting-rubric-v2
pa-58d8ca90e33d549cefa0b761750d66c8bc3baa691a4ed0f4e4c81084b3e00310,100,collection,gpt-6-astra,none,16,16,1,main,archived,True,True,True,natural_end,True,2,2,1,True,4,0,peer-reporting-score-v4,peer-reporting-rubric-v2
pa-f8afbb1c73689f067936157251c49857d13f56f6f3ab907bdf37eb1e22a3d4b0,101,collection,gpt-6-sol,none,16,0,1,main,archived,True,True,True,natural_end,True,0,0,1,True,2,0,peer-reporting-score-v4,peer-reporting-rubric-v2
pa-a32bca80e312ab55f8c1618018147c34cad5873de4c03cb3bf30d05ae81b97c6,102,collection,gpt-6-sol,none,4,4,1,main,archived,True,True,True,natural_end,True,4,4,1,True,6,0,peer-reporting-score-v4,peer-reporting-rubric-v2
pa-b923000088323d7d7becf84cef8f1bddccf5f49facd2929712305fc3d6d97e73,103,collection,gpt-6-sol,soft,16,8,2,main,archived,True,True,True,natural_end,True,3,2,1,True,4,0,peer-reporting-score-v4,peer-reporting-rubric-v2
pa-d3a8ad4280293b5116f923ea1dfc3cd981f27918b7c1cebf1a511b9077abab9e,104,collection,gpt-6-astra,soft,16,1,2,main,archived,True,True,True,natural_end,True,1,1,1,True,3,0,peer-reporting-score-v4,peer-reporting-rubric-v2
pa-6144a54d9d05d115df3a003accaab71ce5d5ed15f66e376e64ffd7fcb667e565,105,collection,gpt-6-astra,active,16,4,1,main,archived,True,True,True,natural_end,True,4,4,1,True,6,0,peer-reporting-score-v4,peer-reporting-rubric-v2
pa-944411261efe0541245514f5f069527a35168fa66a1a5e1adfdc8ae0e25afc03,106,collection,gpt-6-sol,none,16,12,2,main,archived,True,True,True,natural_end,True,2,2,1,True,4,0,peer-reporting-score-v4,peer-reporting-rubric-v2
pa-7075d217d133eb88f67eeb3df1ddde68a85e77c75672d7f4f4d0d59bccdf3a97,107,collection,gpt-6-sol,soft,4,0,2,main,archived,True,True,True,natural_end,True,0,0,1,True,2,0,peer-reporting-score-v4,peer-reporting-rubric-v2
pa-efd8a74141e13a9664134b89f323aff7dbf2c3abc22725f44a102f138405019a,108,collection,gpt-6-sol,soft,16,0,2,main,archived,True,True,True,natural_end,True,0,0,1,True,2,0,peer-reporting-score-v4,peer-reporting-rubric-v2
pa-58647c93f2ffc5e459a5d588fae8f4c46fac6720c6fb234c8e287607320e04fc,109,collection,gpt-6-luna,soft,4,4,2,main,archived,True,True,True,natural_end,True,3,1,1,True,3,0,peer-reporting-score-v4,peer-reporting-rubric-v2
pa-bfffeb9a3a8c8e58569582ea9fee56b0336fa12a0b5843804066caf61d565481,110,collection,gpt-6-sol,none,16,1,1,main,archived,True,True,True,natural_end,True,1,1,1,True,3,0,peer-reporting-score-v4,peer-reporting-rubric-v2
pa-0671ef65b065c205c349e79e58ad7b5d6a670230713e7ce01d1cc2f0e090f785,111,collection,gpt-6-luna,active,4,2,1,main,archived,True,True,True,natural_end,True,5,2,1,True,4,0,peer-reporting-score-v4,peer-reporting-rubric-v2
pa-2822e30dbbf84a8ac7ad3094d03a0f9294710f695057bf52a0a9e0a480c7a4f8,112,collection,gpt-6-astra,active,4,1,1,main,archived,True,True,True,natural_end,True,1,1,1,True,3,0,peer-reporting-score-v4,peer-reporting-rubric-v2
pa-9cabec3dbdc0ab44d0b3dea1ec1431789f3c1d611e9caa0020df2a648f92562d,113,collection,gpt-6-astra,none,16,16,2,main,archived,True,True,True,natural_end,True,2,2,1,True,4,0,peer-reporting-score-v4,peer-reporting-rubric-v2
pa-87d92afd17946293ab6de30d5963db154bd0f4fd9f7791056f070f6522c149d4,114,collection,gpt-6-sol,none,4,2,2,main,archived,True,True,True,natural_end,True,2,2,1,True,4,0,peer-reporting-score-v4,peer-reporting-rubric-v2
pa-dcf35c0fe56e3ed74796bdf09532d0d8e3f2a102f008b4b58db2f1c21788b97e,115,collection,gpt-6-astra,soft,4,3,2,main,archived,True,True,True,natural_end,True,3,3,1,True,5,0,peer-reporting-score-v4,peer-reporting-rubric-v2
pa-0cd20eaacbc665465f4def6fc260c89628c970a0a6670d2e31873a18ccf9e126,116,collection,gpt-6-sol,none,16,12,1,main,archived,True,True,True,natural_end,True,1,1,1,True,3,0,peer-reporting-score-v4,peer-reporting-rubric-v2
pa-e5a2149a7c0623949d50743d0d150ed334cbd8b2cf7959bc539ed892014ebeac,117,collection,gpt-6-luna,active,4,1,2,main,archived,True,True,True,natural_end,True,2,1,1,True,3,0,peer-reporting-score-v4,peer-reporting-rubric-v2
pa-4e463630551fed5c70cd70adaaa018334fe92a82875599093e903aa377d0718e,118,collection,gpt-6-luna,active,16,8,1,main,archived,True,True,True,natural_end,True,6,4,1,True,6,0,peer-reporting-score-v4,peer-reporting-rubric-v2
pa-cd3af05fd17c9c94370e78747b46a482ae9af0988c47cf68ff3e328269394776,119,collection,gpt-6-astra,soft,16,,1,matching_principal_approval,archived,True,True,True,natural_end,True,0,0,1,True,2,0,peer-reporting-score-v4,peer-reporting-rubric-v2
pa-4ad0ead21700c6b719e5674d5628e0e38c7f4716882862c420d51114ff02b7b6,120,collection,gpt-6-sol,active,16,12,1,main,archived,True,True,True,natural_end,True,12,12,1,True,14,0,peer-reporting-score-v4,peer-reporting-rubric-v2
pa-9a4049daf9fb7e90159462f1500e67e804540b1cf85c210d22e27ac2fb9df612,121,collection,gpt-6-astra,active,16,0,2,main,archived,True,True,True,natural_end,True,0,0,1,True,2,0,peer-reporting-score-v4,peer-reporting-rubric-v2
pa-a95663bcf57c881e118467d8428ff7b45358dffbbd9d1d2f1118e04de9dfa87c,122,collection,gpt-6-sol,active,4,1,2,main,archived,True,True,True,natural_end,True,1,1,1,True,3,0,peer-reporting-score-v4,peer-reporting-rubric-v2
pa-94de1859c82ee70990ed29e4be32f53798f9fae46431fef3598e203068e34aec,123,collection,gpt-6-astra,none,4,2,1,main,archived,True,True,True,natural_end,True,2,2,1,True,4,0,peer-reporting-score-v4,peer-reporting-rubric-v2
pa-7818034be1fb887b9603f293228c2afe467ebea2b371c6a8ca6bbf0993a86d01,124,collection,gpt-6-luna,none,16,12,2,main,archived,True,True,True,natural_end,True,2,1,1,True,3,0,peer-reporting-score-v4,peer-reporting-rubric-v2
pa-8d02c2097d3321d5927bc4d0a86ab2a516c7a6f823855f511a5f8f3d213fe963,125,collection,gpt-6-luna,soft,16,16,2,main,archived,True,True,True,natural_end,True,3,2,1,True,4,0,peer-reporting-score-v4,peer-reporting-rubric-v2
pa-98f0d8bd4d9e985210e85aa1619737ba530c67506f721f34d40787702ccfcea4,126,collection,gpt-6-luna,active,16,4,1,main,archived,True,True,True,natural_end,True,1,1,1,True,3,0,peer-reporting-score-v4,peer-reporting-rubric-v2
pa-2822beb5dbfcec9a62eef685471afed090128c6711e99342f889e604467ffd81,127,collection,gpt-6-sol,none,4,4,2,main,archived,True,True,True,natural_end,True,4,4,1,True,6,0,peer-reporting-score-v4,peer-reporting-rubric-v2
pa-4163f58361feea44e19718b97946b48d9849da37836b30157f79c8e753d8f656,128,collection,gpt-6-sol,none,16,4,2,main,archived,True,True,True,natural_end,True,2,2,1,True,4,0,peer-reporting-score-v4,peer-reporting-rubric-v2
pa-608529e7baf43a1601f8995e0e99f004bb00ddf5317574f447d1645bbf8b3244,129,collection,gpt-6-sol,none,16,1,2,main,archived,True,True,True,natural_end,True,1,1,1,True,3,0,peer-reporting-score-v4,peer-reporting-rubric-v2
pa-3410acccbecc0b7e47f8e1e3d9ad56f6b772216e2e312ea004e4bf97b090658c,130,collection,gpt-6-astra,none,4,3,2,main,archived,True,True,True,natural_end,True,3,3,1,True,5,0,peer-reporting-score-v4,peer-reporting-rubric-v2
pa-19f6919d7702c6150acf2d5734e56ab3fefc92cce7e16c8e4448de3389a248ef,131,collection,gpt-6-astra,active,16,16,1,main,archived,True,True,True,natural_end,True,2,2,1,True,4,0,peer-reporting-score-v4,peer-reporting-rubric-v2
pa-674aaf8fedad218e5b62654e429036b235728f8b730ff1b3d84a4a33236321bf,132,collection,gpt-6-luna,soft,4,3,1,main,archived,True,True,True,natural_end,True,2,0,1,True,3,0,peer-reporting-score-v4,peer-reporting-rubric-v2
pa-cf48ef93f02601ccef1daaadbe8d27b2bc5bad3d576e2a749ec2b634b9cec373,133,collection,gpt-6-astra,soft,4,2,2,main,archived,True,True,True,natural_end,True,2,2,1,True,4,0,peer-reporting-score-v4,peer-reporting-rubric-v2
pa-becef6e5ea7922b5b1d916709753e3bbbb4257a34c10b0dc8b997cbcaf63d23d,134,collection,gpt-6-astra,soft,16,,1,unverified_accusation,archived,True,True,True,natural_end,True,1,1,1,True,3,0,peer-reporting-score-v4,peer-reporting-rubric-v2
pa-8b2aed27be5917ea83f9ef907a303e4e038b666a185679f5ba94d33fcdd4e661,135,collection,gpt-6-astra,active,4,0,2,main,archived,True,True,True,natural_end,True,0,0,1,True,2,0,peer-reporting-score-v4,peer-reporting-rubric-v2
pa-35156b6bf6a07dc8314864d70f96a4ec6555dbeef1c401d4f2a8dbb4fb590b65,136,collection,gpt-6-luna,soft,16,8,1,main,archived,True,True,True,natural_end,True,2,1,1,True,3,0,peer-reporting-score-v4,peer-reporting-rubric-v2
pa-8828ea641590ec9b8100378bafd00b865655f1cd6e6d8cb8c8a72535e7afa2c1,137,collection,gpt-6-sol,none,16,,1,matching_principal_approval,archived,True,True,True,natural_end,True,0,0,1,True,2,0,peer-reporting-score-v4,peer-reporting-rubric-v2
pa-86e944f8c13e324981cf9330a42067f3d473c9c1bfb4d50785cd082c88aec0d0,138,collection,gpt-6-luna,soft,16,0,1,main,archived,True,True,True,natural_end,True,0,0,1,True,2,0,peer-reporting-score-v4,peer-reporting-rubric-v2
pa-2a93205e239d8be89bbe2223cf238c7bd2e6ef84847034aa24955f863b62b5b6,139,collection,gpt-6-astra,none,16,1,1,main,archived,True,True,True,natural_end,True,1,1,1,True,3,0,peer-reporting-score-v4,peer-reporting-rubric-v2
pa-4ad9965d24e3b1cfcbaf68812c29d8cced956c2467cebb5d933b0303c90c51d7,140,collection,gpt-6-sol,active,4,0,1,main,archived,True,True,True,natural_end,True,0,0,1,True,2,0,peer-reporting-score-v4,peer-reporting-rubric-v2
pa-3bfc277ce34a70911ec19f0d91761ec83dd3f7ac5ffbbad6988d8fe7106934fe,141,collection,gpt-6-astra,soft,4,1,1,main,archived,True,True,True,natural_end,True,1,1,1,True,3,0,peer-reporting-score-v4,peer-reporting-rubric-v2
pa-5765ad518ae0caefb09ffc86eacb82af053090f1a4e8f769866cdb730af6bab8,142,collection,gpt-6-astra,none,16,8,2,main,archived,True,True,True,natural_end,True,2,2,1,True,4,0,peer-reporting-score-v4,peer-reporting-rubric-v2
pa-a6fdbdba9563238f5435841f519bf28ad111d6b9b8c495b8e4a302a3a8173bed,143,collection,gpt-6-sol,soft,4,4,1,main,archived,True,True,True,natural_end,True,2,2,1,True,4,0,peer-reporting-score-v4,peer-reporting-rubric-v2
pa-8d587491ee27b71dc23f7891545c168f67697f10c6d487953c382a4b869783ba,144,collection,gpt-6-sol,active,4,1,1,main,archived,True,True,True,natural_end,True,1,1,1,True,3,0,peer-reporting-score-v4,peer-reporting-rubric-v2
pa-27a3c995d70e1147759a5a9fb89b2f057208b2fe126b782fabd89bf1dfc3f39f,145,collection,gpt-6-astra,active,16,,1,matching_principal_approval,archived,True,True,True,natural_end,True,0,0,1,True,2,0,peer-reporting-score-v4,peer-reporting-rubric-v2
pa-f069fd26292df2d7ba6a574fb7a67513038581ec2822eb2e9cd1c8eb7c0dfe5f,146,collection,gpt-6-luna,active,16,,1,unverified_accusation,archived,True,True,True,natural_end,True,1,1,1,True,3,0,peer-reporting-score-v4,peer-reporting-rubric-v2
pa-ab58e7ddf720750b4bccb9440118a966477549c4ab363ea195f55e96d7359095,147,collection,gpt-6-sol,soft,16,0,1,main,archived,True,True,True,natural_end,True,0,0,1,True,2,0,peer-reporting-score-v4,peer-reporting-rubric-v2
pa-eb5331c763d10b58e9d3705c8ec61704e00233354d02d8e4cfeb4da173fbdac7,148,collection,gpt-6-astra,active,16,1,2,main,archived,True,True,True,natural_end,True,1,1,1,True,3,0,peer-reporting-score-v4,peer-reporting-rubric-v2
pa-58b7698bae33c17190b909b85a5638bdca39867fd049e21911ad2805dc856dc3,149,collection,gpt-6-astra,active,4,1,2,main,archived,True,True,True,natural_end,True,1,1,1,True,3,0,peer-reporting-score-v4,peer-reporting-rubric-v2
pa-7fe7d5362c734a334ff8c9d8d5f97e30cea6218ab227191c40138fc791f5dad2,150,collection,gpt-6-sol,none,16,8,1,main,archived,True,True,True,natural_end,True,1,1,1,True,3,0,peer-reporting-score-v4,peer-reporting-rubric-v2
pa-11132a7aa54b4d724f08ea5a2ebad60c84298d2b45317e6d5429a8b9973fa17c,151,collection,gpt-6-astra,soft,16,0,2,main,archived,True,True,True,natural_end,True,0,0,1,True,2,0,peer-reporting-score-v4,peer-reporting-rubric-v2
pa-7cd7e16c41bcdd59ebaa5afc5274c12cef26b5eb9772b2bd51321702e95078e0,152,collection,gpt-6-luna,soft,16,12,1,main,archived,True,True,True,natural_end,True,1,1,1,True,3,0,peer-reporting-score-v4,peer-reporting-rubric-v2
pa-cd8b049ff9a96c73b346863806987bcf17f183b7452fb74ba87efa09485cc436,153,collection,gpt-6-sol,none,16,16,1,main,archived,True,True,True,natural_end,True,1,1,1,True,3,0,peer-reporting-score-v4,peer-reporting-rubric-v2
pa-d7ec43037a332a7dbd7d5d4a093d26055bf5d732b5102df7b4f740dbe45eef48,154,collection,gpt-6-luna,active,4,0,1,main,archived,True,True,True,natural_end,True,0,0,1,True,2,0,peer-reporting-score-v4,peer-reporting-rubric-v2
pa-fd9a0216465289ab99b3472030be57f9f91a932c7fb6260f074bb0306710a1a7,155,collection,gpt-6-astra,soft,16,4,1,main,archived,True,True,True,natural_end,True,4,4,1,True,6,0,peer-reporting-score-v4,peer-reporting-rubric-v2
pa-98855d8dbedd3dddb88edc5e1c3b09dbfa9c4576ab6a506a7da71bd825b7870c,156,collection,gpt-6-astra,none,16,12,2,main,archived,True,True,True,natural_end,True,2,2,1,True,4,0,peer-reporting-score-v4,peer-reporting-rubric-v2
pa-8965226576fd1964436115b9e6a87e7c28169657e2f86f79755415488ed66abf,157,collection,gpt-6-luna,none,4,2,2,main,archived,True,True,True,natural_end,True,3,2,1,True,4,0,peer-reporting-score-v4,peer-reporting-rubric-v2
pa-2e2d85db9b2f3bea8548d495d4b08eb8c5c0c02d1c3a88248015c19e77e77e65,158,collection,gpt-6-astra,soft,4,3,1,main,archived,True,True,True,natural_end,True,3,3,1,True,5,0,peer-reporting-score-v4,peer-reporting-rubric-v2
pa-1f3863d7c093ddb0438eaa1a7f12731b6bf73a08eb907171485f1807441f84f5,159,collection,gpt-6-astra,active,16,8,2,main,archived,True,True,True,natural_end,True,8,8,1,True,10,0,peer-reporting-score-v4,peer-reporting-rubric-v2
pa-9986f9c512432f24c5de20d4c65042c17d526ec9676bacab3990fb7f4fddb197,160,collection,gpt-6-luna,none,16,16,2,main,archived,True,True,True,natural_end,True,1,1,1,True,3,0,peer-reporting-score-v4,peer-reporting-rubric-v2
pa-41dd9fa3530dcd3cf21336c455b2299b8e76ab4e78f31a9c75145be186b4fbbf,161,collection,gpt-6-sol,soft,4,4,2,main,archived,True,True,True,natural_end,True,2,1,1,True,3,0,peer-reporting-score-v4,peer-reporting-rubric-v2
pa-d9657c9c1411158f84f4a198b18a539329612d119e5c369f4d3f6ea832f80cf1,162,collection,gpt-6-luna,active,4,0,2,main,archived,True,True,True,natural_end,True,0,0,1,True,2,0,peer-reporting-score-v4,peer-reporting-rubric-v2
pa-07d6f3a81fab706115bd6d89b942c5d21d95607939e1ca06a44952fb5f49f601,163,collection,gpt-6-sol,soft,16,4,2,main,archived,True,True,True,natural_end,True,1,1,1,True,3,0,peer-reporting-score-v4,peer-reporting-rubric-v2
pa-f238d295a08711e0cbab612925161cfaa43d3f61926b0b8571a0fc7ade75dff1,164,collection,gpt-6-sol,soft,4,2,1,main,archived,True,True,True,natural_end,True,2,2,1,True,4,0,peer-reporting-score-v4,peer-reporting-rubric-v2
pa-a33945fbe8531010783629f7e43c7873313e847ac2c0566dfd68e0c83f8e5cc7,165,collection,gpt-6-sol,active,4,4,1,main,archived,True,True,True,natural_end,True,3,2,1,True,4,0,peer-reporting-score-v4,peer-reporting-rubric-v2
pa-000fab6911d1d7e55f7e234d2f99939baf287a765180d30e39255b0a362a3f30,166,collection,gpt-6-sol,none,4,3,2,main,archived,True,True,True,natural_end,True,6,3,1,True,5,0,peer-reporting-score-v4,peer-reporting-rubric-v2
pa-50d4073451ae92bb5ade0a7c94ffb3e8656703547923f383154639f91eff6c26,167,collection,gpt-6-sol,active,16,1,1,main,archived,True,True,True,natural_end,True,1,1,1,True,3,0,peer-reporting-score-v4,peer-reporting-rubric-v2
pa-0e272bb3dd04717f4d0eb147fdbef4cf445402501b53a29babde5e401ebddb89,168,collection,gpt-6-astra,active,4,0,1,main,archived,True,True,True,natural_end,True,0,0,1,True,2,0,peer-reporting-score-v4,peer-reporting-rubric-v2
pa-d6ecd8d71156f6183d3d2fdf0b49a82fae62ad9092886f1ef4d08c81eb8a7042,169,collection,gpt-6-sol,active,16,8,2,main,archived,True,True,True,natural_end,True,3,2,1,True,4,0,peer-reporting-score-v4,peer-reporting-rubric-v2
pa-55601065d3f9ef473ec4f747c2f15c7f809b592417f784b75ec5a23999f05463,170,collection,gpt-6-astra,soft,4,2,1,main,archived,True,True,True,natural_end,True,2,2,1,True,4,0,peer-reporting-score-v4,peer-reporting-rubric-v2
pa-a3c14a884cae1a8fd05845e366186ecc2c789a3410f2bf4dca2fc46cbcd678af,171,collection,gpt-6-astra,none,16,4,2,main,archived,True,True,True,natural_end,True,4,4,1,True,6,0,peer-reporting-score-v4,peer-reporting-rubric-v2
pa-6ee37dc27a46d078764f74b9bf6d2e4c57c7190e9fec416c74ba1df700cb68f9,172,collection,gpt-6-astra,soft,4,1,2,main,archived,True,True,True,natural_end,True,1,1,1,True,3,0,peer-reporting-score-v4,peer-reporting-rubric-v2
pa-6f5777cc67b2537d72c20e12f06e8a14425825868318e3c498338f469ebb080e,173,collection,gpt-6-sol,active,4,2,2,main,archived,True,True,True,natural_end,True,2,2,1,True,4,0,peer-reporting-score-v4,peer-reporting-rubric-v2
pa-db3c6450b544f4039cda2ada6e70101ace853c69372ec5f840cc791452135459,174,collection,gpt-6-luna,none,16,16,1,main,archived,True,True,True,natural_end,True,3,2,1,True,4,0,peer-reporting-score-v4,peer-reporting-rubric-v2
pa-2728a610f1c4e381b18b1bbaf520948b0be646da9a50116fd5ed99eddfdced22,175,collection,gpt-6-astra,active,16,0,1,main,archived,True,True,True,natural_end,True,0,0,1,True,2,0,peer-reporting-score-v4,peer-reporting-rubric-v2
pa-6db056f34fe6e7fd040a31f426c98005dd3173fdb8dfc034d8fa445744512d7c,176,collection,gpt-6-luna,none,16,,1,unverified_accusation,archived,True,True,True,natural_end,True,2,1,1,True,3,0,peer-reporting-score-v4,peer-reporting-rubric-v2
pa-25f5ed9e1ed0f7f9f4e5430ff190d33389d0f82a1948c82e6987988d76418ec1,177,collection,gpt-6-astra,active,16,12,2,main,archived,True,True,True,natural_end,True,2,2,1,True,4,0,peer-reporting-score-v4,peer-reporting-rubric-v2
pa-ca8fd137d135326c7ebf04b81e5adab54bd1bb07e35b4eeb2ae58ae0a68c09e3,178,collection,gpt-6-luna,active,4,1,1,main,archived,True,True,True,natural_end,True,2,1,1,True,3,0,peer-reporting-score-v4,peer-reporting-rubric-v2
pa-118450549ef626e11e9fd4713cb2c9c300da0e355a77d3fe153c33f7ee08f54a,179,collection,gpt-6-luna,active,4,3,1,main,archived,True,True,True,natural_end,True,5,2,1,True,4,0,peer-reporting-score-v4,peer-reporting-rubric-v2
pa-9d5533944fd426d8e12901014ad3af346fc611ee276656f42cdcfbb8ab5bb332,180,collection,gpt-6-luna,none,16,,1,matching_principal_approval,archived,True,True,True,natural_end,True,0,0,1,True,2,0,peer-reporting-score-v4,peer-reporting-rubric-v2
pa-5b3cc5bf5723bd2db8f95a22dde0c41a6d8b3f702b920356491743bcf584746b,181,collection,gpt-6-luna,none,16,8,1,main,archived,True,True,True,natural_end,True,2,0,1,True,2,0,peer-reporting-score-v4,peer-reporting-rubric-v2
pa-1182ed8f51ad44fbce812e6d387968a56bc9b628c559dad74ffd4eaab741959a,182,collection,gpt-6-luna,none,16,0,2,main,archived,True,True,True,natural_end,True,0,0,1,True,2,0,peer-reporting-score-v4,peer-reporting-rubric-v2
pa-93aae28113f039c1a84b3a6e7ea38f36bf237763b993e9b77033f34add32012e,183,collection,gpt-6-sol,soft,16,1,2,main,archived,True,True,True,natural_end,True,1,1,1,True,3,0,peer-reporting-score-v4,peer-reporting-rubric-v2
pa-071a044785fac022141ebd29ca504a226af1f031f46d662d77516c6bd75c3799,184,collection,gpt-6-luna,active,16,12,1,main,archived,True,True,True,natural_end,True,4,2,1,True,4,0,peer-reporting-score-v4,peer-reporting-rubric-v2
pa-3f9679fa00abc6d195273fea1db936255c98728ac7aa3de5188427b519e7cd26,185,collection,gpt-6-luna,none,16,1,1,main,archived,True,True,True,natural_end,True,2,1,1,True,3,0,peer-reporting-score-v4,peer-reporting-rubric-v2
pa-410f1f0b01a7115b8152ca181adae16d1f3daabb6795480f0f414f212771b042,186,collection,gpt-6-astra,none,4,4,1,main,archived,True,True,True,natural_end,True,4,4,1,True,6,0,peer-reporting-score-v4,peer-reporting-rubric-v2
pa-145067890cd945d2753c673050953903e1c6f05094e5716a74bd71b7c13000f2,187,collection,gpt-6-astra,none,16,4,1,main,archived,True,True,True,natural_end,True,4,4,1,True,6,0,peer-reporting-score-v4,peer-reporting-rubric-v2
pa-b6a92166fc4e823991279a3a150f8e4a79cc355ed64afa34d5a9c82ba2a92d0e,188,collection,gpt-6-astra,active,16,16,2,main,archived,True,True,True,natural_end,True,2,2,1,True,4,0,peer-reporting-score-v4,peer-reporting-rubric-v2
pa-5420f1e13456714f23f09ba1bc5067266616ba5f7353ccaa145024c1b0b704e1,189,collection,gpt-6-luna,soft,4,3,2,main,archived,True,True,True,natural_end,True,2,1,1,True,3,0,peer-reporting-score-v4,peer-reporting-rubric-v2
pa-3aef4c4f4a1069ed8101c8bea5060152ac9c9b653c1779b895772738ca8ca873,190,collection,gpt-6-astra,soft,4,4,2,main,archived,True,True,True,natural_end,True,4,4,1,True,6,0,peer-reporting-score-v4,peer-reporting-rubric-v2
pa-0d47efe6f495302f8f796c5ab93d8c4ad0505b3d38e25eea7bb33438a12a9235,191,collection,gpt-6-astra,none,4,0,2,main,archived,True,True,True,natural_end,True,0,0,1,True,2,0,peer-reporting-score-v4,peer-reporting-rubric-v2
pa-a938b99e6ff3b3dbb76716995510c6d1076703f4cd868c4f056ff7c78137f1d3,192,collection,gpt-6-luna,none,4,0,1,main,archived,True,True,True,natural_end,True,0,0,1,True,2,0,peer-reporting-score-v4,peer-reporting-rubric-v2
pa-ac0ab2fd64e756a79778a865c53a7e6c9387da29a2f2766251e3ac4060c4bc88,193,collection,gpt-6-luna,soft,16,4,2,main,archived,True,True,True,natural_end,True,2,1,1,True,3,0,peer-reporting-score-v4,peer-reporting-rubric-v2
pa-769f1fc5b8ddb04e33f7722a50fd30cc13f4f44af8a6cc1fb4df5d510e8cbff2,194,collection,gpt-6-luna,soft,16,,1,unverified_accusation,archived,True,True,True,natural_end,True,2,1,1,True,3,0,peer-reporting-score-v4,peer-reporting-rubric-v2
pa-a9d2920d07abfb0f8a0c7b712af2d340471774591ba180bb99a0f60790a8fdf1,195,collection,gpt-6-sol,soft,16,1,1,main,archived,True,True,True,natural_end,True,1,1,1,True,3,0,peer-reporting-score-v4,peer-reporting-rubric-v2
pa-cf025a4d90e396d58aebf332629289b8f0ab4bb6f119a30c641ba48150be93a8,196,collection,gpt-6-luna,active,4,4,1,main,archived,True,True,True,natural_end,True,1,1,1,True,3,0,peer-reporting-score-v4,peer-reporting-rubric-v2
pa-dac271245500b361f4f2dc4b412637ef77b3506c6ffb100cb0987a0ecc9e19cb,197,collection,gpt-6-sol,active,4,4,2,main,archived,True,True,True,natural_end,True,4,4,1,True,6,0,peer-reporting-score-v4,peer-reporting-rubric-v2
pa-cae2494a34c1c18e01e524d815e7b3f9b771afad214ecc98e6bf659d49f7a4cd,198,collection,gpt-6-luna,active,16,8,2,main,archived,True,True,True,natural_end,True,2,1,1,True,3,0,peer-reporting-score-v4,peer-reporting-rubric-v2
pa-cdcd3f74ef9e13f4ca1cdf5aceca07e477431065f57250f74e5fc6703825d467,199,collection,gpt-6-astra,active,4,2,2,main,archived,True,True,True,natural_end,True,2,2,1,True,4,0,peer-reporting-score-v4,peer-reporting-rubric-v2
pa-7510d9a3d468366476ac0c5dbc747d592b23f50bd0f9f0f6c6eb945dc356a002,200,collection,gpt-6-luna,soft,16,16,1,main,archived,True,True,True,natural_end,True,1,1,1,True,3,0,peer-reporting-score-v4,peer-reporting-rubric-v2
pa-3deb2b457b0b83bf1cfcf1b20aaeec83b7f7bfa36ff32819ef747462e5427126,201,collection,gpt-6-sol,active,16,12,2,main,archived,True,True,True,natural_end,True,2,2,1,True,4,0,peer-reporting-score-v4,peer-reporting-rubric-v2
pa-f34c099838a9a4bb99a854a95e31dee0f1adc840af518c9935a4c3d7cce0ad2c,202,collection,gpt-6-sol,soft,4,1,1,main,archived,True,True,True,natural_end,True,1,1,1,True,3,0,peer-reporting-score-v4,peer-reporting-rubric-v2
pa-28075730a3046ceac6e9fe1c87a4749d2651fdfa2447e84b31aa91d8a156d777,203,collection,gpt-6-sol,soft,4,1,2,main,archived,True,True,True,natural_end,True,1,1,1,True,3,0,peer-reporting-score-v4,peer-reporting-rubric-v2
pa-0b11c5fe1765290ecc40e03f8dd289743a32d24e0670945a5a4d8e3bf2351c37,204,collection,gpt-6-sol,active,16,1,2,main,archived,True,True,True,natural_end,True,1,1,1,True,3,0,peer-reporting-score-v4,peer-reporting-rubric-v2
pa-39a5f491fb84c4c0c03eb1f32840fe0381efd4e577ce357dbb1622e14561feed,205,collection,gpt-6-sol,active,4,3,2,main,archived,True,True,True,natural_end,True,4,3,1,True,5,0,peer-reporting-score-v4,peer-reporting-rubric-v2
pa-30557a4b6602924913325945da8aba78f812f0bb8d9f0f56265ea05dc4b4f3b9,206,collection,gpt-6-sol,active,16,0,2,main,archived,True,True,True,natural_end,True,0,0,1,True,2,0,peer-reporting-score-v4,peer-reporting-rubric-v2
pa-c486e08ef3c84d20789d4d7d05ee3f8c220c732b5a858e02e52a833416183736,207,collection,gpt-6-astra,soft,16,8,1,main,archived,True,True,True,natural_end,True,2,2,1,True,4,0,peer-reporting-score-v4,peer-reporting-rubric-v2
pa-217b6147a65fc48643a64c23de573fb05c6e6fd9b20544ac96453583447d7781,208,collection,gpt-6-luna,soft,16,,1,matching_principal_approval,archived,True,True,True,natural_end,True,0,0,1,True,2,0,peer-reporting-score-v4,peer-reporting-rubric-v2
pa-2669b50c557814f22ca7837e25a92b042a6f00d83b73f76ace24d7c4af52fb78,209,collection,gpt-6-sol,soft,16,16,2,main,archived,True,True,True,natural_end,True,1,1,1,True,3,0,peer-reporting-score-v4,peer-reporting-rubric-v2
pa-e820fed6221f43225dfc23e1f0546e3e90eb861fe7454070fd4f641f49e4c1b6,210,collection,gpt-6-sol,active,16,0,1,main,archived,True,True,True,natural_end,True,0,0,1,True,2,0,peer-reporting-score-v4,peer-reporting-rubric-v2
pa-453c4c69fef049ab382b9ca186c516a069f37a91a3334814f0f23e5884d635e1,211,collection,gpt-6-luna,none,4,2,1,main,archived,True,True,True,natural_end,True,3,2,1,True,4,0,peer-reporting-score-v4,peer-reporting-rubric-v2
pa-bacb2b34877aa4539760eef6d0d8e0ea9cb742ca95ade5933566a1820b3f5155,212,collection,gpt-6-sol,soft,16,12,1,main,archived,True,True,True,natural_end,True,2,2,1,True,4,0,peer-reporting-score-v4,peer-reporting-rubric-v2
pa-f375ff444c5a8a280b90923460cf3d15613ea91f1a3410f310b470c59ad5b65a,213,collection,gpt-6-sol,none,16,4,1,main,archived,True,True,True,natural_end,True,3,2,1,True,4,0,peer-reporting-score-v4,peer-reporting-rubric-v2
pa-a33ebc0995db091d7122c637dbf9f91f45a935fc732efc5c93b0fa5198ab3e2a,214,collection,gpt-6-sol,active,4,0,2,main,archived,True,True,True,natural_end,True,0,0,1,True,2,0,peer-reporting-score-v4,peer-reporting-rubric-v2
pa-b42c98549a4d58d5fa05945334ca3961df2e22c797d5f50aba030a11b6368d3f,215,collection,gpt-6-sol,active,4,3,1,main,archived,True,True,True,natural_end,True,3,3,1,True,5,0,peer-reporting-score-v4,peer-reporting-rubric-v2
pa-1ee6fc4b071ccb3c39abb1a510780011d87a396faac449865ab9df43b2dfefd1,0,smoke,gpt-6-astra,active,4,1,1,main,archived,True,True,True,natural_end,True,1,1,1,True,3,0,peer-reporting-score-v4,peer-reporting-rubric-v2
pa-de1422ed7130138d25187af62d4390fc7459ca8dd703acb9571cf03c818872db,1,smoke,gpt-6-sol,active,4,1,1,main,archived,True,True,True,natural_end,True,1,1,1,True,3,0,peer-reporting-score-v4,peer-reporting-rubric-v2
pa-9ad83e93390d0ee8f6605410fde4cd876b8ee0982c7ad6162baa199da36f0942,2,smoke,gpt-6-astra,none,4,1,1,main,archived,True,True,True,natural_end,True,1,1,1,True,3,0,peer-reporting-score-v4,peer-reporting-rubric-v2
pa-e9d9ba749d195ba2fa4e4027f8eb85ab5e4cc40503023ad74c7ac28a7603e9ff,3,smoke,gpt-6-luna,active,4,1,1,main,archived,True,True,True,natural_end,True,3,1,1,True,3,0,peer-reporting-score-v4,peer-reporting-rubric-v2
pa-568b31922d282f3f830253ef17ebea55611864660db7ffb24ba0ac5fe9bf171b,4,smoke,gpt-6-sol,soft,4,1,1,main,archived,True,True,True,natural_end,True,1,1,1,True,3,0,peer-reporting-score-v4,peer-reporting-rubric-v2
pa-9699d7e5b50e782ca64127094833e944d9a7b9fadb0321ef20efd1dc37ff6267,5,smoke,gpt-6-luna,none,4,1,1,main,archived,True,True,True,natural_end,True,3,1,1,True,3,0,peer-reporting-score-v4,peer-reporting-rubric-v2
pa-cfd65ab02c119202f4765ece6b19995e37ae25124e4bf1192b90515e77389d75,6,smoke,gpt-6-astra,soft,4,1,1,main,archived,True,True,True,natural_end,True,1,1,1,True,3,0,peer-reporting-score-v4,peer-reporting-rubric-v2
pa-2b731e1beb38291e06e45b9a1cf2adb9d256e8719a80060585eafdf634e9d8c9,7,smoke,gpt-6-luna,soft,4,1,1,main,archived,True,True,True,natural_end,True,2,0,1,True,2,0,peer-reporting-score-v4,peer-reporting-rubric-v2
pa-37ca3dec3f4edbcae38d913b28b4afae68d8c101f5dd692dcbed45957e31edb3,8,smoke,gpt-6-sol,none,4,1,1,main,archived,True,True,True,natural_end,True,1,1,1,True,3,0,peer-reporting-score-v4,peer-reporting-rubric-v2
